Image,Id
00050a15a.jpg,new_whale
0005c1ef8.jpg,new_whale
0006e997e.jpg,new_whale
000f0f2bf.jpg,new_whale
001d7450c.jpg,new_whale
00200e115.jpg,new_whale
00245a598.jpg,new_whale
002b4615d.jpg,new_whale
002f99f01.jpg,new_whale
003795857.jpg,new_whale
0041880bf.jpg,new_whale
0043da555.jpg,new_whale
00464ff65.jpg,new_whale
004ae9e26.jpg,new_whale
004c0f43b.jpg,new_whale
005ce3100.jpg,new_whale
00600ce17.jpg,new_whale
006506edf.jpg,new_whale
006bdc6ff.jpg,new_whale
007218187.jpg,new_whale
0085064af.jpg,new_whale
0085a6bd0.jpg,new_whale
00869b59e.jpg,new_whale
00917baa4.jpg,new_whale
0095fe89c.jpg,new_whale
00a46c559.jpg,new_whale
00a70e649.jpg,new_whale
00aae723d.jpg,new_whale
00d1615b1.jpg,new_whale
00d4a4967.jpg,new_whale
00de0f4c8.jpg,new_whale
00ded1101.jpg,new_whale
00e059776.jpg,new_whale
00e4afee9.jpg,new_whale
00ec09075.jpg,new_whale
00f5927ae.jpg,new_whale
00f5aba71.jpg,new_whale
01043cc4b.jpg,new_whale
0108c3e2b.jpg,new_whale
010a1f0eb.jpg,new_whale
010d37b13.jpg,new_whale
01237f1ce.jpg,new_whale
0135bf774.jpg,new_whale
01396f4d1.jpg,new_whale
0148dbdd2.jpg,new_whale
014a7cdf0.jpg,new_whale
014c130f2.jpg,new_whale
0150f16ec.jpg,new_whale
015889aa3.jpg,new_whale
016173748.jpg,new_whale
016af7b1e.jpg,new_whale
0173fc207.jpg,new_whale
01768ab81.jpg,new_whale
01793bd75.jpg,new_whale
017b7d5e9.jpg,new_whale
017c8297e.jpg,new_whale
017f9cf06.jpg,new_whale
018345b71.jpg,new_whale
018953e38.jpg,new_whale
018a44909.jpg,new_whale
01919fc42.jpg,new_whale
01aa167a0.jpg,new_whale
01af1e5f9.jpg,new_whale
01bf61268.jpg,new_whale
01bfc5ce9.jpg,new_whale
01c26d722.jpg,new_whale
01c3bf950.jpg,new_whale
01c75e4c0.jpg,new_whale
01c941173.jpg,new_whale
01c9fe65c.jpg,new_whale
01cd70a58.jpg,new_whale
01cd7a357.jpg,new_whale
01cea07ff.jpg,new_whale
01d89cbcf.jpg,new_whale
01d8fc465.jpg,new_whale
01dc06663.jpg,new_whale
01dea185c.jpg,new_whale
01e44668c.jpg,new_whale
01ec3759e.jpg,new_whale
01eee7676.jpg,new_whale
01f66ca26.jpg,new_whale
01f84aa6f.jpg,new_whale
0202d2a08.jpg,new_whale
021a49e25.jpg,new_whale
021cf0d46.jpg,new_whale
021d8cc07.jpg,new_whale
0223b6a5c.jpg,new_whale
022462179.jpg,new_whale
02270be38.jpg,new_whale
023349526.jpg,new_whale
0242534d4.jpg,new_whale
02518df7d.jpg,new_whale
0264bd4b5.jpg,new_whale
0268c74a5.jpg,new_whale
02773908c.jpg,new_whale
027ec5a1d.jpg,new_whale
02810b9d1.jpg,new_whale
028331a47.jpg,new_whale
02910a130.jpg,new_whale
02a5af887.jpg,new_whale
02af3a9d9.jpg,new_whale
02b0efd14.jpg,new_whale
02c389bcb.jpg,new_whale
02c8a71de.jpg,new_whale
02ca9b585.jpg,new_whale
02d6d1623.jpg,new_whale
02d8c4c99.jpg,new_whale
02dc197e1.jpg,new_whale
02df5693e.jpg,new_whale
02dfe3c04.jpg,new_whale
02e548fa4.jpg,new_whale
02ec01c0d.jpg,new_whale
02fc410b6.jpg,new_whale
02fcd7f7c.jpg,new_whale
02fec85d6.jpg,new_whale
0304d1ea3.jpg,new_whale
0317a4ff9.jpg,new_whale
031b230c7.jpg,new_whale
031e19510.jpg,new_whale
032adbd21.jpg,new_whale
032dbd3ae.jpg,new_whale
032dce04c.jpg,new_whale
032fac6b9.jpg,new_whale
033734195.jpg,new_whale
0338c2abc.jpg,new_whale
0356860be.jpg,new_whale
035ce8d51.jpg,new_whale
035d683ef.jpg,new_whale
03736acc1.jpg,new_whale
0378f59b5.jpg,new_whale
037efd0e5.jpg,new_whale
0385abcf6.jpg,new_whale
0387e6dd7.jpg,new_whale
038c165c5.jpg,new_whale
038e52f8d.jpg,new_whale
038f6e50f.jpg,new_whale
0392690b8.jpg,new_whale
039533860.jpg,new_whale
03976ceda.jpg,new_whale
039916998.jpg,new_whale
039bcc0f7.jpg,new_whale
03b7870be.jpg,new_whale
03b82f755.jpg,new_whale
03b9e3dea.jpg,new_whale
03c70fa51.jpg,new_whale
03cd2ba51.jpg,new_whale
03d41255d.jpg,new_whale
03d494223.jpg,new_whale
03d6acf15.jpg,new_whale
03dcf5c8e.jpg,new_whale
03e3599f3.jpg,new_whale
03e562e8f.jpg,new_whale
03f0758d8.jpg,new_whale
03f4675ff.jpg,new_whale
03f49a3b3.jpg,new_whale
04066a98e.jpg,new_whale
0407436a4.jpg,new_whale
040ce705a.jpg,new_whale
041724be8.jpg,new_whale
041e3d502.jpg,new_whale
042c4e1a4.jpg,new_whale
042caa5be.jpg,new_whale
0434082ad.jpg,new_whale
0455267bb.jpg,new_whale
045793afd.jpg,new_whale
04585916b.jpg,new_whale
045bbb167.jpg,new_whale
045cef3d0.jpg,new_whale
0469731bc.jpg,new_whale
047604b6c.jpg,new_whale
04761acfb.jpg,new_whale
0477794ee.jpg,new_whale
047f3949c.jpg,new_whale
04822fc4b.jpg,new_whale
048243c9a.jpg,new_whale
048606a80.jpg,new_whale
0486d64df.jpg,new_whale
048762f18.jpg,new_whale
0489c432d.jpg,new_whale
048ab10a5.jpg,new_whale
048d0c59a.jpg,new_whale
04901bb01.jpg,new_whale
04931bb7a.jpg,new_whale
0493ff477.jpg,new_whale
049790c4a.jpg,new_whale
049c26660.jpg,new_whale
04a189b7f.jpg,new_whale
04a20260c.jpg,new_whale
04a21e189.jpg,new_whale
04ab8f618.jpg,new_whale
04adf88e9.jpg,new_whale
04af29309.jpg,new_whale
04b3ac13b.jpg,new_whale
04b5a2d33.jpg,new_whale
04ba76e7a.jpg,new_whale
04bae2db7.jpg,new_whale
04cb9134a.jpg,new_whale
04cbf7ba9.jpg,new_whale
04db9c5d8.jpg,new_whale
04e3e0baa.jpg,new_whale
04e4265ce.jpg,new_whale
04e8520b6.jpg,new_whale
04f4a94e0.jpg,new_whale
04f4e3b1b.jpg,new_whale
0508b88d1.jpg,new_whale
050a06daf.jpg,new_whale
050a33d81.jpg,new_whale
050f6bcac.jpg,new_whale
051fda3c9.jpg,new_whale
05422a5f9.jpg,new_whale
05483b514.jpg,new_whale
0548e7010.jpg,new_whale
0550c2e23.jpg,new_whale
05536ec4b.jpg,new_whale
055c8ba66.jpg,new_whale
0573f5df2.jpg,new_whale
05755e2b6.jpg,new_whale
057881bb1.jpg,new_whale
057b3ac05.jpg,new_whale
05814a957.jpg,new_whale
058868867.jpg,new_whale
0591cdb44.jpg,new_whale
0598630de.jpg,new_whale
059e3cf5b.jpg,new_whale
05ae4c2db.jpg,new_whale
05bb51f99.jpg,new_whale
05bc4b14e.jpg,new_whale
05bfc639d.jpg,new_whale
05c6af025.jpg,new_whale
05dae8342.jpg,new_whale
05dd0ee6b.jpg,new_whale
05e5e0e89.jpg,new_whale
05ee1fc22.jpg,new_whale
05f71b26a.jpg,new_whale
05fc2e35d.jpg,new_whale
060ffd336.jpg,new_whale
0610203d1.jpg,new_whale
0611099f3.jpg,new_whale
06171a8a9.jpg,new_whale
06172ce2c.jpg,new_whale
0617ca20a.jpg,new_whale
0617cbeed.jpg,new_whale
061f833ab.jpg,new_whale
06209926d.jpg,new_whale
06245ed98.jpg,new_whale
06276874e.jpg,new_whale
06306504e.jpg,new_whale
06336bf78.jpg,new_whale
0633e8c04.jpg,new_whale
063759573.jpg,new_whale
